inventory_id,inventory_location,item_id,item_category,company,target_audience,no_items_recieved,no_items_remaining,date_recieved,selling_price,release_year,demand_factor,net_profit(%),num_days,currently_inventory,date_sent,inventory_sent
id_101,Bangalore,id_1,Mobile,Apple,Personal,31,31,15-09-2018,29356,2014,38,6.56,58,1,,
id_101,Bangalore,id_5,Processor,Intel,Personal,25,23,12-08-2018,32805,2016,45,11.27,92,1,,
id_101,Bangalore,id_9,Laptop,Google,Personal,78,66,03-08-2018,4019,2013,6,7.52,101,1,,
id_101,Bangalore,id_13,Keyboard,Apple,Personal,95,47,24-08-2018,32118,2013,32,4.83,80,1,,
id_101,Bangalore,id_17,Processor,AMD,Personal,59,3,26-09-2018,13870,2017,12,6.79,47,1,,
id_101,Bangalore,id_21,Processor,Intel,Offices,96,75,08-09-2018,56391,2018,42,8.92,65,1,,
id_101,Bangalore,id_25,Mobile,Samsung,Personal,28,11,08-09-2018,24742,2018,30,4.63,65,1,,
id_101,Bangalore,id_29,Laptop,Google,Offices,76,72,22-07-2018,14672,2014,13,5.12,113,1,,
id_101,Bangalore,id_33,Laptop,Apple,Offices,6,4,04-10-2018,10861,2016,29,4.58,39,1,,
id_101,Bangalore,id_37,Monitor,Apple,Offices,10,1,18-08-2018,70216,2014,8,6.82,86,1,,
id_101,Bangalore,id_41,Monitor,Apple,Personal,3,1,12-10-2018,86721,2016,43,13.52,31,1,,
id_101,Bangalore,id_45,Monitor,Apple,Offices,16,10,10-08-2018,63203,2017,64,14.91,94,1,,
id_101,Bangalore,id_49,Mobile,Apple,Personal,78,1,07-09-2018,42110,2017,29,7.15,66,1,,
id_101,Bangalore,id_53,Processor,AMD,Personal,62,31,19-09-2018,44787,2015,57,7.12,54,1,,
id_101,Bangalore,id_57,Keyboard,Samsung,Offices,61,58,13-10-2018,46565,2015,65,4,30,1,,
id_101,Bangalore,id_61,Mobile,Google,Personal,24,14,29-09-2018,6912,2016,57,13.59,44,1,,
id_101,Bangalore,id_65,Monitor,Apple,Offices,36,36,15-10-2018,72271,2018,65,4.76,28,1,,
id_101,Bangalore,id_69,Processor,Intel,Offices,87,58,10-08-2018,97575,2016,62,4.07,94,1,,
id_101,Bangalore,id_73,Mobile,Google,Personal,71,66,24-07-2018,9140,2016,42,10.91,111,1,,
id_101,Bangalore,id_77,Monitor,Dell,Personal,68,38,10-10-2018,13949,2014,36,13.15,33,1,,
id_101,Bangalore,id_81,Mobile,Google,Personal,80,60,04-09-2018,36355,2014,41,5,69,1,,
id_101,Bangalore,id_85,Keyboard,Samsung,Personal,24,4,12-08-2018,33086,2013,44,5.22,92,1,,
id_101,Bangalore,id_89,Keyboard,Apple,Offices,70,37,07-09-2018,74262,2014,49,6.95,66,1,,
id_101,Bangalore,id_93,Laptop,Dell,Offices,6,3,29-07-2018,74978,2017,20,14.17,106,1,,
id_101,Bangalore,id_97,Mobile,Oppo,Personal,26,12,02-08-2018,9612,2018,26,4.32,102,1,,
id_101,Bangalore,id_101,Processor,AMD,Personal,11,7,15-10-2018,61539,2015,14,10.44,28,1,,
id_101,Bangalore,id_105,Processor,AMD,Personal,28,28,12-09-2018,44163,2018,36,13.95,61,1,,
id_101,Bangalore,id_109,Monitor,Dell,Offices,83,52,26-07-2018,51372,2016,46,12.84,109,1,,
id_101,Bangalore,id_113,Processor,Intel,Personal,38,30,08-10-2018,35483,2017,19,4.44,35,1,,
id_101,Bangalore,id_117,Mobile,Oppo,Personal,92,6,14-08-2018,22884,2014,27,9.74,90,1,,
id_101,Bangalore,id_121,Processor,Intel,Offices,5,2,13-09-2018,95818,2017,27,8.53,60,1,,
id_101,Bangalore,id_125,Processor,Samsung,Personal,39,35,11-10-2018,62827,2018,44,5.02,32,1,,
id_101,Bangalore,id_129,Laptop,Samsung,Offices,83,38,06-10-2018,17226,2017,60,4.78,37,1,,
id_101,Bangalore,id_133,Monitor,Dell,Personal,57,50,11-08-2018,86798,2015,61,9.6,93,1,,
id_101,Bangalore,id_137,Laptop,Samsung,Offices,22,7,26-08-2018,6533,2016,65,6.31,78,1,,
id_101,Bangalore,id_141,Mobile,Apple,Personal,54,49,30-08-2018,85396,2014,37,11.87,74,1,,
id_101,Bangalore,id_145,Processor,Intel,Offices,62,35,30-07-2018,23241,2014,65,12.34,105,1,,
id_101,Bangalore,id_149,Processor,Samsung,Personal,49,22,29-07-2018,2457,2017,63,11.87,106,1,,
id_101,Bangalore,id_153,Laptop,Google,Personal,34,24,25-07-2018,56887,2013,25,9.09,110,1,,
id_101,Bangalore,id_157,Laptop,Samsung,Personal,27,16,09-08-2018,88777,2014,57,6.66,95,1,,
id_101,Bangalore,id_161,Processor,AMD,Personal,57,39,28-09-2018,23799,2014,13,5.8,45,1,,
id_101,Bangalore,id_165,Laptop,Google,Personal,92,87,21-08-2018,19584,2016,18,13.86,83,1,,
id_101,Bangalore,id_169,Processor,Samsung,Personal,99,67,17-09-2018,946,2017,45,13.05,56,1,,
id_101,Bangalore,id_173,Keyboard,Dell,Personal,80,64,30-08-2018,68156,2013,23,10.54,74,1,,
id_101,Bangalore,id_177,Mobile,Google,Personal,7,3,19-09-2018,37032,2017,64,13.99,54,1,,
id_101,Bangalore,id_181,Laptop,Apple,Offices,77,60,18-08-2018,42885,2013,18,9.81,86,1,,
id_101,Bangalore,id_185,Mobile,Oppo,Personal,6,5,30-08-2018,83608,2018,54,5.47,74,1,,
id_101,Bangalore,id_189,Processor,Samsung,Offices,54,44,10-08-2018,60935,2013,23,6.08,94,1,,
id_101,Bangalore,id_193,Monitor,Apple,Personal,30,8,30-07-2018,62945,2018,7,6.31,105,1,,
id_101,Bangalore,id_197,Processor,AMD,Offices,39,31,03-09-2018,96897,2013,56,13.75,70,1,,
id_101,Bangalore,id_201,Monitor,Dell,Personal,39,12,04-09-2018,49058,2013,64,14.07,69,1,,
id_101,Bangalore,id_205,Keyboard,Apple,Personal,5,2,29-07-2018,36240,2016,46,10.7,106,1,,
id_101,Bangalore,id_209,Mobile,Apple,Personal,10,1,13-08-2018,58848,2016,51,14.76,91,1,,
id_101,Bangalore,id_213,Processor,AMD,Offices,94,85,27-09-2018,16378,2013,41,6.79,46,1,,
id_101,Bangalore,id_217,Processor,Intel,Offices,82,30,09-09-2018,80555,2016,37,10.13,64,1,,
id_101,Bangalore,id_221,Laptop,Samsung,Personal,2,1,17-09-2018,24922,2014,25,8.61,56,1,,
id_101,Bangalore,id_225,Monitor,Dell,Personal,1,1,18-09-2018,29346,2014,29,8.81,55,1,,
id_101,Bangalore,id_229,Monitor,Dell,Offices,64,52,06-08-2018,89851,2013,7,6.37,98,1,,
id_101,Bangalore,id_233,Keyboard,Apple,Personal,70,27,10-10-2018,35842,2015,35,10.65,33,1,,
id_101,Bangalore,id_237,Laptop,Dell,Personal,29,9,29-09-2018,30450,2015,10,8.32,44,1,,
,,,,,,,,,,,,,,,,
,,,,,,,,,,,,,,,,
,,,,,,,,,,,,,,,,
,,,,,,,,,,,,,,,,
,,,,,,,,,,,,,,,,
,,,,,,,,,,,,,,,,
,,,,,,,,,,,,,,,,
,,,,,,,,,,,,,,,,
,,,,,,,,,,,,,,,,
,,,,,,,,,,,,,,,,
,,,,,,,,,,,,,,,,
,,,,,,,,,,,,,,,,
,,,,,,,,,,,,,,,,
,,,,,,,,,,,,,,,,
,,,,,,,,,,,,,,,,
,,,,,,,,,,,,,,,,
,,,,,,,,,,,,,,,,
,,,,,,,,,,,,,,,,
,,,,,,,,,,,,,,,,
,,,,,,,,,,,,,,,,
,,,,,,,,,,,,,,,,
,,,,,,,,,,,,,,,,
,,,,,,,,,,,,,,,,
,,,,,,,,,,,,,,,,
,,,,,,,,,,,,,,,,
,,,,,,,,,,,,,,,,
,,,,,,,,,,,,,,,,
,,,,,,,,,,,,,,,,
,,,,,,,,,,,,,,,,
,,,,,,,,,,,,,,,,
,,,,,,,,,,,,,,,,
,,,,,,,,,,,,,,,,
,,,,,,,,,,,,,,,,
,,,,,,,,,,,,,,,,
,,,,,,,,,,,,,,,,
,,,,,,,,,,,,,,,,
,,,,,,,,,,,,,,,,
,,,,,,,,,,,,,,,,
,,,,,,,,,,,,,,,,
,,,,,,,,,,,,,,,,
,,,,,,,,,,,,,,,,
,,,,,,,,,,,,,,,,
,,,,,,,,,,,,,,,,
,,,,,,,,,,,,,,,,
,,,,,,,,,,,,,,,,
,,,,,,,,,,,,,,,,
,,,,,,,,,,,,,,,,
,,,,,,,,,,,,,,,,
,,,,,,,,,,,,,,,,
,,,,,,,,,,,,,,,,
,,,,,,,,,,,,,,,,
,,,,,,,,,,,,,,,,
,,,,,,,,,,,,,,,,
,,,,,,,,,,,,,,,,
,,,,,,,,,,,,,,,,
,,,,,,,,,,,,,,,,
,,,,,,,,,,,,,,,,
,,,,,,,,,,,,,,,,
,,,,,,,,,,,,,,,,
,,,,,,,,,,,,,,,,
,,,,,,,,,,,,,,,,
,,,,,,,,,,,,,,,,
,,,,,,,,,,,,,,,,
,,,,,,,,,,,,,,,,
,,,,,,,,,,,,,,,,
,,,,,,,,,,,,,,,,
,,,,,,,,,,,,,,,,
,,,,,,,,,,,,,,,,
,,,,,,,,,,,,,,,,
,,,,,,,,,,,,,,,,
,,,,,,,,,,,,,,,,
,,,,,,,,,,,,,,,,
,,,,,,,,,,,,,,,,
,,,,,,,,,,,,,,,,
,,,,,,,,,,,,,,,,
,,,,,,,,,,,,,,,,
,,,,,,,,,,,,,,,,
,,,,,,,,,,,,,,,,
,,,,,,,,,,,,,,,,
,,,,,,,,,,,,,,,,
,,,,,,,,,,,,,,,,
,,,,,,,,,,,,,,,,
,,,,,,,,,,,,,,,,
,,,,,,,,,,,,,,,,
,,,,,,,,,,,,,,,,
,,,,,,,,,,,,,,,,
,,,,,,,,,,,,,,,,
,,,,,,,,,,,,,,,,
,,,,,,,,,,,,,,,,
,,,,,,,,,,,,,,,,
,,,,,,,,,,,,,,,,
,,,,,,,,,,,,,,,,
,,,,,,,,,,,,,,,,
,,,,,,,,,,,,,,,,
,,,,,,,,,,,,,,,,
,,,,,,,,,,,,,,,,
,,,,,,,,,,,,,,,,
,,,,,,,,,,,,,,,,
,,,,,,,,,,,,,,,,
,,,,,,,,,,,,,,,,
,,,,,,,,,,,,,,,,
,,,,,,,,,,,,,,,,
,,,,,,,,,,,,,,,,
,,,,,,,,,,,,,,,,
,,,,,,,,,,,,,,,,
,,,,,,,,,,,,,,,,
,,,,,,,,,,,,,,,,
,,,,,,,,,,,,,,,,
,,,,,,,,,,,,,,,,
,,,,,,,,,,,,,,,,
,,,,,,,,,,,,,,,,
,,,,,,,,,,,,,,,,
,,,,,,,,,,,,,,,,
,,,,,,,,,,,,,,,,
,,,,,,,,,,,,,,,,
,,,,,,,,,,,,,,,,
,,,,,,,,,,,,,,,,
,,,,,,,,,,,,,,,,
,,,,,,,,,,,,,,,,
,,,,,,,,,,,,,,,,
,,,,,,,,,,,,,,,,
,,,,,,,,,,,,,,,,
,,,,,,,,,,,,,,,,
,,,,,,,,,,,,,,,,
,,,,,,,,,,,,,,,,
,,,,,,,,,,,,,,,,
,,,,,,,,,,,,,,,,
,,,,,,,,,,,,,,,,
,,,,,,,,,,,,,,,,
,,,,,,,,,,,,,,,,
,,,,,,,,,,,,,,,,
,,,,,,,,,,,,,,,,
,,,,,,,,,,,,,,,,
,,,,,,,,,,,,,,,,
,,,,,,,,,,,,,,,,
,,,,,,,,,,,,,,,,
,,,,,,,,,,,,,,,,
,,,,,,,,,,,,,,,,
,,,,,,,,,,,,,,,,
,,,,,,,,,,,,,,,,
,,,,,,,,,,,,,,,,
,,,,,,,,,,,,,,,,
,,,,,,,,,,,,,,,,
,,,,,,,,,,,,,,,,
,,,,,,,,,,,,,,,,
,,,,,,,,,,,,,,,,
,,,,,,,,,,,,,,,,
,,,,,,,,,,,,,,,,
,,,,,,,,,,,,,,,,
,,,,,,,,,,,,,,,,
,,,,,,,,,,,,,,,,
,,,,,,,,,,,,,,,,
,,,,,,,,,,,,,,,,
,,,,,,,,,,,,,,,,
,,,,,,,,,,,,,,,,
,,,,,,,,,,,,,,,,
,,,,,,,,,,,,,,,,
,,,,,,,,,,,,,,,,
,,,,,,,,,,,,,,,,
,,,,,,,,,,,,,,,,
,,,,,,,,,,,,,,,,
,,,,,,,,,,,,,,,,
,,,,,,,,,,,,,,,,
,,,,,,,,,,,,,,,,
,,,,,,,,,,,,,,,,
,,,,,,,,,,,,,,,,
,,,,,,,,,,,,,,,,
,,,,,,,,,,,,,,,,
,,,,,,,,,,,,,,,,
,,,,,,,,,,,,,,,,
,,,,,,,,,,,,,,,,
,,,,,,,,,,,,,,,,
,,,,,,,,,,,,,,,,
,,,,,,,,,,,,,,,,
,,,,,,,,,,,,,,,,
,,,,,,,,,,,,,,,,
,,,,,,,,,,,,,,,,
,,,,,,,,,,,,,,,,
,,,,,,,,,,,,,,,,
,,,,,,,,,,,,,,,,
,,,,,,,,,,,,,,,,
,,,,,,,,,,,,,,,,
,,,,,,,,,,,,,,,,
,,,,,,,,,,,,,,,,
,,,,,,,,,,,,,,,,
,,,,,,,,,,,,,,,,
,,,,,,,,,,,,,,,,
,,,,,,,,,,,,,,,,
,,,,,,,,,,,,,,,,
,,,,,,,,,,,,,,,,
,,,,,,,,,,,,,,,,
,,,,,,,,,,,,,,,,
,,,,,,,,,,,,,,,,
,,,,,,,,,,,,,,,,
,,,,,,,,,,,,,,,,
,,,,,,,,,,,,,,,,
,,,,,,,,,,,,,,,,
,,,,,,,,,,,,,,,,
,,,,,,,,,,,,,,,,
,,,,,,,,,,,,,,,,
,,,,,,,,,,,,,,,,
,,,,,,,,,,,,,,,,
,,,,,,,,,,,,,,,,
,,,,,,,,,,,,,,,,
,,,,,,,,,,,,,,,,
,,,,,,,,,,,,,,,,
,,,,,,,,,,,,,,,,
,,,,,,,,,,,,,,,,
,,,,,,,,,,,,,,,,
,,,,,,,,,,,,,,,,
,,,,,,,,,,,,,,,,
,,,,,,,,,,,,,,,,
,,,,,,,,,,,,,,,,
,,,,,,,,,,,,,,,,
,,,,,,,,,,,,,,,,
,,,,,,,,,,,,,,,,
,,,,,,,,,,,,,,,,
,,,,,,,,,,,,,,,,
,,,,,,,,,,,,,,,,
,,,,,,,,,,,,,,,,
,,,,,,,,,,,,,,,,
,,,,,,,,,,,,,,,,
,,,,,,,,,,,,,,,,
,,,,,,,,,,,,,,,,
,,,,,,,,,,,,,,,,
,,,,,,,,,,,,,,,,
,,,,,,,,,,,,,,,,
,,,,,,,,,,,,,,,,
,,,,,,,,,,,,,,,,
,,,,,,,,,,,,,,,,
,,,,,,,,,,,,,,,,
,,,,,,,,,,,,,,,,
,,,,,,,,,,,,,,,,
,,,,,,,,,,,,,,,,
,,,,,,,,,,,,,,,,
,,,,,,,,,,,,,,,,
,,,,,,,,,,,,,,,,
,,,,,,,,,,,,,,,,
,,,,,,,,,,,,,,,,
,,,,,,,,,,,,,,,,
,,,,,,,,,,,,,,,,
